SF.Account.Name,Top.Level.Account
Able Financial Group Llc,Brokers International Ltd
Adams-Moore Llc,Mv Group Inc
Advisors Excel Llc,Advisors Excel Llc
Advisors Resource Llc,Ann Arbor Annuity Exchange Llc
Aip Marketing Alliance Inc,Aip Marketing Alliance Inc
Allegiance Marketing Group Llc,Mv Group Inc
Alpha Ins Brokerage Llc,Aip Marketing Alliance Inc
Ameri-Life,Ameri-Life
America Retirement Systems Llc,Dressander Bhc Inc
American Brokerage Services In,Collabrix Llc
Americas First Financial Corp,"Daugherty, Robert"
Amerity Financial Llc,Collabrix Llc
Amz Financial Insurance Servic,Partners Advantage Ins Service
"Anand, Harinderbir S",Partners Advantage Ins Service
Ann Arbor Annuity Exchange Llc,Ann Arbor Annuity Exchange Llc
Annuco Llc,Mv Group Inc
Art Jetter & Co,Art Jetter & Co
Ash Brokerage Corp,Ann Arbor Annuity Exchange Llc
Asset Marketing Systems Ins Se,Advisors Excel Llc
Asset Protectors & Advisors In,Brokers International Ltd
Asurea Wholesale Ins Services,Asurea Wholesale Ins Services
Bay Planning  Inc,Bay Planning  Inc
Berson Sokol Agency Inc,Collabrix Llc
Brokers Alliance Inc,Collabrix Llc
Brokers Choice Of America Inc,Brokers Choice Of America Inc
Brokers Clearing House Ltd,Collabrix Llc
Brokers International Ltd,Amz Financial Insurance Servic
Capital Care America Inc,Partners Advantage Ins Service
Capitas Agency Llc,Mv Group Inc
"Carter, Dwight",Mv Group Inc
Cla Usa Inc,Cla Usa Inc
Consolidated Underwriters Inc,Consolidated Underwriters Inc
Creative One Marketing Corpora,Creative One Marketing Corpora
"Davis, Trent",Mv Group Inc
Dmi Marketing Inc,Dmi Marketing Inc
"Dougharty, Julian",Ameri-Life
Dressander Bhc Inc,Dressander Bhc Inc
Eca Marketing Inc,Collabrix Llc
Eugene Cohen Insurance Agency,Collabrix Llc
Executive Brokerage Services,Mv Group Inc
Fairlane Financial Corporation,Ameri-Life
Financial Brokerage Inc,Asurea Wholesale Ins Services
Financial Independence Group I,Collabrix Llc
First Annuity And Insurance Ma,Brokers International Ltd
First Jersey Insurance Agency,Creative One Marketing Corpora
Gameplan Financial Marketing L,Ann Arbor Annuity Exchange Llc
Gradient Insurance Brokerage I,Gradient Insurance Brokerage I
"Hartman, Gerald G",Mv Group Inc
"Heinzelman, Charles",American Wealth Group
"Hellerich, Richard",Collabrix Llc
I Group,Asurea Wholesale Ins Services
Ideal Producers Group Inc,Legacy Marketing Group
Imeriti Inc,Partners Advantage Ins Service
Impact Partnership Llc,Legacy Marketing Group
Insource Inc,Mv Group Inc
Insurance Agency Marketing Ser,Creative One Marketing Corpora
Insurance Designers Of America,Insurance Designers Of America
Insurmark,Collabrix Llc
John M Bulbrook Ins Agency Inc,Mv Group Inc
"Jones, Tammy",Partners Advantage Ins Service
"Labonte, Robert",Mv Group Inc
"Lacey-Gray, Mary Ann",Mv Group Inc
Lead Masters Ins Marketing And,Lead Masters Ins Marketing And
"Leonard, Dustin",Gradient Insurance Brokerage I
Life Professionals Llc,Life Professionals Llc
"Lucas, Darin",Brokers International Ltd
M & O Marketing Inc,Collabrix Llc
Magellan Financial Insurance,Partners Advantage Ins Service
Marketing Resources Inc,Partners Advantage Ins Service
"Mattson, Brian","Rawlings, Ronald"
Medallion Brokerage Insurance,Collabrix Llc
Megastar Advisors Llc,Brokers International Ltd
Mhe Brokerage  Llc,Mv Group Inc
Optima Diversified Insurance A,Partners Advantage Ins Service
Partners Advantage Ins Service,Partners Advantage Ins Service
"Pashby, Matthew Adams",Partners Advantage Ins Service
Personalized Brokerage Service,Ann Arbor Annuity Exchange Llc
"Pickard, Robert W",Mv Group Inc
Premier Insurance Partners Llc,Ameri-Life
Pro Formance Financial Group,Mv Group Inc
Prosperity Advantage Marketing,Ameri-Life
"Quante, Donald A",Mv Group Inc
R W Durham Co,R W Durham Co
"Rawlings, Ronald","Rawlings, Ronald"
Retirement Planning Assoc Llc,Dressander Bhc Inc
"Rettich, Matthew","Rettich, Matthew"
"Reynolds, Chad",Mv Group Inc
Roster Financial Llc,Ann Arbor Annuity Exchange Llc
"Rubinstein, Alexander","Rubinstein, Alexander"
Safe Harbor Financial Inc,Mv Group Inc
Senior Advisory Group Of Ameri,Mv Group Inc
Southwest Annuities Marketing,Ameri-Life
"Stern, Carl R",Partners Advantage Ins Service
Sunderland Group Ltd,Sunderland Group Ltd
Superior Performers Inc Dba,Superior Performers Inc Dba
Table Bay Financial Network In,Brokers International Ltd
Tarkenton Financial Llc,Brokers International Ltd
The Agents Marketing Group In,Insurance Designers Of America
The Annuity Source Inc,Collabrix Llc
The Life And Annuity Shop Llc,Ameri-Life
The Ohlson Group Inc,Mv Group Inc
The Producers Choice Llc,Mv Group Inc
The Revolution Fmo Llc,Partners Advantage Ins Service
"Tucker, Karlan",Legacy Marketing Group
Usa Financial Insurance Servic,Mv Group Inc
"Vagnozzi, Dean J",Abetterfinancialplan Com Llc
Vick & Associates Inc,Collabrix Llc
Wealthmark Advisors Incorporat,Wealthmark Advisors Incorporat
Wealthvest Marketing Inc,Mv Group Inc
Western World Marketing Servic,Mv Group Inc
Zenith Marketing Group,Zenith Marketing Group